<?xml version="1.0" encoding="UTF-8"?>
<project-private xmlns="http://www.netbeans.org/ns/project-private/1">
    <editor-bookmarks xmlns="http://www.netbeans.org/ns/editor-bookmarks/2" lastBookmarkId="0"/>
    <open-files xmlns="http://www.netbeans.org/ns/projectui-open-files/2">
        <group>
            <file>file:/C:/Users/301.laboratorios/Documents/NetBeansProjects/registro/src/registro/salir.java</file>
            <file>file:/C:/Users/301.laboratorios/Documents/NetBeansProjects/registro/src/registro/ingresar.java</file>
            <file>file:/C:/Users/301.laboratorios/Documents/NetBeansProjects/registro/src/registro/inicio.java</file>
        </group>
    </open-files>
</project-private>
